"","A1B1C1D1E1F1","A2B1C1D1E1F1","A3B1C1D1E1F1","A1B2C1D1E1F1","A2B2C1D1E1F1","A3B2C1D1E1F1","A1B1C1D2E1F1","A2B1C1D2E1F1","A3B1C1D2E1F1","A1B2C1D2E1F1","A2B2C1D2E1F1","A3B2C1D2E1F1","A1B1C1D3E1F1","A2B1C1D3E1F1","A3B1C1D3E1F1","A1B2C1D3E1F1","A2B2C1D3E1F1","A3B2C1D3E1F1","A1B1C1D1E2F1","A2B1C1D1E2F1","A3B1C1D1E2F1","A1B2C1D1E2F1","A2B2C1D1E2F1","A3B2C1D1E2F1","A1B1C1D2E2F1","A2B1C1D2E2F1","A3B1C1D2E2F1","A1B2C1D2E2F1","A2B2C1D2E2F1","A3B2C1D2E2F1","A1B1C1D3E2F1","A2B1C1D3E2F1","A3B1C1D3E2F1","A1B2C1D3E2F1","A2B2C1D3E2F1","A3B2C1D3E2F1","A1B1C1D1E3F1","A2B1C1D1E3F1","A3B1C1D1E3F1","A1B2C1D1E3F1","A2B2C1D1E3F1","A3B2C1D1E3F1","A1B1C1D2E3F1","A2B1C1D2E3F1","A3B1C1D2E3F1","A1B2C1D2E3F1","A2B2C1D2E3F1","A3B2C1D2E3F1","A1B1C1D3E3F1","A2B1C1D3E3F1","A3B1C1D3E3F1","A1B2C1D3E3F1","A2B2C1D3E3F1","A3B2C1D3E3F1","A1B1C1D1E1F2","A2B1C1D1E1F2","A3B1C1D1E1F2","A1B2C1D1E1F2","A2B2C1D1E1F2","A3B2C1D1E1F2","A1B1C1D2E1F2","A2B1C1D2E1F2","A3B1C1D2E1F2","A1B2C1D2E1F2","A2B2C1D2E1F2","A3B2C1D2E1F2","A1B1C1D3E1F2","A2B1C1D3E1F2","A3B1C1D3E1F2","A1B2C1D3E1F2","A2B2C1D3E1F2","A3B2C1D3E1F2","A1B1C1D1E2F2","A2B1C1D1E2F2","A3B1C1D1E2F2","A1B2C1D1E2F2","A2B2C1D1E2F2","A3B2C1D1E2F2","A1B1C1D2E2F2","A2B1C1D2E2F2","A3B1C1D2E2F2","A1B2C1D2E2F2","A2B2C1D2E2F2","A3B2C1D2E2F2","A1B1C1D3E2F2","A2B1C1D3E2F2","A3B1C1D3E2F2","A1B2C1D3E2F2","A2B2C1D3E2F2","A3B2C1D3E2F2","A1B1C1D1E3F2","A2B1C1D1E3F2","A3B1C1D1E3F2","A1B2C1D1E3F2","A2B2C1D1E3F2","A3B2C1D1E3F2","A1B1C1D2E3F2","A2B1C1D2E3F2","A3B1C1D2E3F2","A1B2C1D2E3F2","A2B2C1D2E3F2","A3B2C1D2E3F2","A1B1C1D3E3F2","A2B1C1D3E3F2","A3B1C1D3E3F2","A1B2C1D3E3F2","A2B2C1D3E3F2","A3B2C1D3E3F2","A1B1C1D1E1F3","A2B1C1D1E1F3","A3B1C1D1E1F3","A1B2C1D1E1F3","A2B2C1D1E1F3","A3B2C1D1E1F3","A1B1C1D2E1F3","A2B1C1D2E1F3","A3B1C1D2E1F3","A1B2C1D2E1F3","A2B2C1D2E1F3","A3B2C1D2E1F3","A1B1C1D3E1F3","A2B1C1D3E1F3","A3B1C1D3E1F3","A1B2C1D3E1F3","A2B2C1D3E1F3","A3B2C1D3E1F3","A1B1C1D1E2F3","A2B1C1D1E2F3","A3B1C1D1E2F3","A1B2C1D1E2F3","A2B2C1D1E2F3","A3B2C1D1E2F3","A1B1C1D2E2F3","A2B1C1D2E2F3","A3B1C1D2E2F3","A1B2C1D2E2F3","A2B2C1D2E2F3","A3B2C1D2E2F3","A1B1C1D3E2F3","A2B1C1D3E2F3","A3B1C1D3E2F3","A1B2C1D3E2F3","A2B2C1D3E2F3","A3B2C1D3E2F3","A1B1C1D1E3F3","A2B1C1D1E3F3","A3B1C1D1E3F3","A1B2C1D1E3F3","A2B2C1D1E3F3","A3B2C1D1E3F3","A1B1C1D2E3F3","A2B1C1D2E3F3","A3B1C1D2E3F3","A1B2C1D2E3F3","A2B2C1D2E3F3","A3B2C1D2E3F3","A1B1C1D3E3F3","A2B1C1D3E3F3","A3B1C1D3E3F3","A1B2C1D3E3F3","A2B2C1D3E3F3","A3B2C1D3E3F3","A1B1C2D1E1F1","A2B1C2D1E1F1","A3B1C2D1E1F1","A1B2C2D1E1F1","A2B2C2D1E1F1","A3B2C2D1E1F1","A1B1C2D2E1F1","A2B1C2D2E1F1","A3B1C2D2E1F1","A1B2C2D2E1F1","A2B2C2D2E1F1","A3B2C2D2E1F1","A1B1C2D3E1F1","A2B1C2D3E1F1","A3B1C2D3E1F1","A1B2C2D3E1F1","A2B2C2D3E1F1","A3B2C2D3E1F1","A1B1C2D1E1F2","A2B1C2D1E1F2","A3B1C2D1E1F2","A1B2C2D1E1F2","A2B2C2D1E1F2","A3B2C2D1E1F2","A1B1C2D2E1F2","A2B1C2D2E1F2","A3B1C2D2E1F2","A1B2C2D2E1F2","A2B2C2D2E1F2","A3B2C2D2E1F2","A1B1C2D3E1F2","A2B1C2D3E1F2","A3B1C2D3E1F2","A1B2C2D3E1F2","A2B2C2D3E1F2","A3B2C2D3E1F2","A1B1C2D1E1F3","A2B1C2D1E1F3","A3B1C2D1E1F3","A1B2C2D1E1F3","A2B2C2D1E1F3","A3B2C2D1E1F3","A1B1C2D2E1F3","A2B1C2D2E1F3","A3B1C2D2E1F3","A1B2C2D2E1F3","A2B2C2D2E1F3","A3B2C2D2E1F3","A1B1C2D3E1F3","A2B1C2D3E1F3","A3B1C2D3E1F3","A1B2C2D3E1F3","A2B2C2D3E1F3","A3B2C2D3E1F3"
"S52",0.167830847630891,0.294041181355258,0.49406569237077,0.216678538976615,0.12454925909838,0.598690527251269,0.216299655668407,0.167239705389016,0.471225767423003,0.218589172153929,0.153513240828248,0.203585451314958,0.204293811781202,0.165935493769952,0.392198808028547,0.237843701721148,0.0617037659999705,0.312286613998086,0.185418235814332,0.227868338661401,2.49969659960377,0.212247632299361,0.150789669765699,0.94225757947799,0.183420602177093,0.258042172949393,0.608492964585431,0.182338741512967,0.224318237839256,0.22868495195217,0.179103277890902,0.154965431429321,0.651755734815206,0.194275442850644,0.11861479132683,1.77393927849532,0.172260603281635,0.228315070656326,2.80120902138004,0.198259726484097,0.299917575648068,0.599227069484612,0.172260603281635,0.228315070656326,2.80120902138004,0.178771581054255,0.289661602368188,0.285933052162865,0.172260603281635,0.228315070656326,2.80120902138004,0.205953315446019,0.138369932663866,5.331897217253,0.185595692993354,0.291576377014416,10.1786507698415,0.168047831841123,0.290418229884373,0.962071469242266,0.216299655668407,0.167239705389016,0.471225767423003,0.174538954152844,0.293347082568992,0.654885803372749,0.222814836204954,0.1827625246838,0.386684686638805,0.160081105752438,0.290734764202918,1.00287880516843,0.152535388526355,0.276636637767544,1.57373177262434,0.145093397728912,0.236881837874316,1.18686760460664,0.186842483045194,0.25150379294237,1.00703565220631,0.174421406479543,0.16353836029135,0.180987652318498,0.191274057291467,0.236020842428344,0.313580957427622,0.169855501343842,0.285515824347366,0.544908475096167,0.172260603281635,0.228315070656326,2.80120902138004,0.138047130658662,0.311359470878721,7.56005064414461,0.172260603281635,0.228315070656326,2.80120902138004,0.166139583720623,0.288553315549377,17.4892207111449,0.172260603281635,0.228315070656326,2.80120902138004,0.178446724628606,0.290215365705541,0.785436742593993,0.167830847630891,0.294041181355258,0.49406569237077,0.216678538976615,0.12454925909838,0.598690527251269,0.216299655668407,0.167239705389016,0.471225767423003,0.218589172153929,0.153513240828248,0.203585451314958,0.204293811781202,0.165935493769952,0.392198808028547,0.237843701721148,0.0617037659999705,0.312286613998086,0.185418235814332,0.227868338661401,2.49969659960377,0.212247632299361,0.150789669765699,0.94225757947799,0.183420602177093,0.258042172949393,0.608492964585431,0.182338741512967,0.224318237839256,0.22868495195217,0.179103277890902,0.154965431429321,0.651755734815206,0.194275442850644,0.11861479132683,1.77393927849532,0.172260603281635,0.228315070656326,2.80120902138004,0.198259726484097,0.299917575648068,0.599227069484612,0.172260603281635,0.228315070656326,2.80120902138004,0.178771581054255,0.289661602368188,0.285933052162865,0.172260603281635,0.228315070656326,2.80120902138004,0.205953315446019,0.138369932663866,5.331897217253,0.21397280584731,0.227683319936547,0.620198755276214,0.180172601900651,0.262258986806529,1.49247441443274,0.19887086491857,0.156848332212775,0.281040089723816,0.177071087292345,0.24357181361972,0.349431327019386,0.205398187174617,0.171692070177295,2.04503431097494,0.1631016972339,0.169841311621245,0.230171187153644,0.186968349911617,0.293805547087863,0.485222053149865,0.146503700491033,0.228635322900553,9.52526801390865,0.199356217155227,0.24805265274117,0.474463456368532,0.177071087292345,0.24357181361972,0.349431327019386,0.205656397866201,0.243291050112961,0.51624340451167,0.170944103924305,0.240230509202822,0.422195827631149,0.21397280584731,0.227683319936547,0.620198755276214,0.180172601900651,0.262258986806529,1.49247441443274,0.19887086491857,0.156848332212775,0.281040089723816,0.177071087292345,0.24357181361972,0.349431327019386,0.205398187174617,0.171692070177295,2.04503431097494,0.1631016972339,0.169841311621245,0.230171187153644
"NIC4",0.214905367540765,0.271502930288976,0.729790681938117,0.210973972094823,0.242806156334117,0.36714122576977,0.210187651257389,0.166605014499561,0.309314912200162,0.231374518125757,0.22381232018537,0.264224376755784,0.207719789633077,0.159338738206178,0.223594049480996,0.239251898823844,0.233806937935082,0.844860717660185,0.153093232818156,0.220780331756515,2.33491030592019,0.186143281897374,0.238052831272873,0.322513708135079,0.16715941265456,0.265850758244189,0.384756780750693,0.179107159854639,0.214364578533233,0.239444184640316,0.17920627656727,0.173899711626022,0.271014113493069,0.185088059092065,0.237787286196798,0.322880183594078,0.0998212950969872,0.155627236221416,2.9271162725039,0.164752814209253,0.255072004443153,0.334602419941737,0.0998212950969872,0.155627236221416,2.9271162725039,0.140223459740475,0.217466837610047,0.324036237808318,0.0998212950969872,0.155627236221416,2.9271162725039,0.184268743342609,0.138454417977922,0.242805947185355,0.17673155122743,0.242253285124964,3.14933557796291,0.180694918348554,0.309166764085115,2.68732759422451,0.210187651257389,0.166605014499561,0.309314912200162,0.230945774374384,0.283080667194927,0.368713424809783,0.19163717785376,0.188341771723998,0.410004503060115,0.229962068195801,0.27193585925277,0.433071634438913,0.11757823883144,0.217099761372624,1.65916483114045,0.123006843164832,0.301042679481555,1.30841931246352,0.153331259626128,0.258472060465256,0.504036630416283,0.183175397850552,0.176479530661249,0.221901662768885,0.187004199987618,0.259138685444855,0.401272411316295,0.224497027623621,0.256978264952993,0.945726270490841,0.0998212950969872,0.155627236221416,2.9271162725039,0.121050936180521,0.223345077781858,18.8054481047042,0.0998212950969872,0.155627236221416,2.9271162725039,0.181507685761229,0.267175809005098,5.36078339111778,0.0998212950969872,0.155627236221416,2.9271162725039,0.213886241954217,0.280145945380411,0.459717635360296,0.214905367540765,0.271502930288976,0.729790681938117,0.210973972094823,0.242806156334117,0.36714122576977,0.210187651257389,0.166605014499561,0.309314912200162,0.231374518125757,0.22381232018537,0.264224376755784,0.207719789633077,0.159338738206178,0.223594049480996,0.239251898823844,0.233806937935082,0.844860717660185,0.153093232818156,0.220780331756515,2.33491030592019,0.186143281897374,0.238052831272873,0.322513708135079,0.16715941265456,0.265850758244189,0.384756780750693,0.179107159854639,0.214364578533233,0.239444184640316,0.17920627656727,0.173899711626022,0.271014113493069,0.185088059092065,0.237787286196798,0.322880183594078,0.0998212950969872,0.155627236221416,2.9271162725039,0.164752814209253,0.255072004443153,0.334602419941737,0.0998212950969872,0.155627236221416,2.9271162725039,0.140223459740475,0.217466837610047,0.324036237808318,0.0998212950969872,0.155627236221416,2.9271162725039,0.184268743342609,0.138454417977922,0.242805947185355,0.254502033979622,0.219717663756988,0.747892472414285,0.131935801107186,0.216244314073853,0.30070558853039,0.243878680554844,0.175108929506331,0.364053173934315,0.153531276790502,0.234204369898785,0.35556848409482,0.20592879490989,0.180723937492639,3.31953059968768,0.127115124799872,0.154232160725459,0.279164710153881,0.261144480064464,0.309444357904556,0.508647410440674,0.107454306771427,0.177589296888889,2.73782511610362,0.209657703672105,0.259792956462717,0.483653569080258,0.153531276790502,0.234204369898785,0.35556848409482,0.207878243717548,0.250029223639601,0.431787009868859,0.146072909424924,0.225556944057412,0.32192550766197,0.254502033979622,0.219717663756988,0.747892472414285,0.131935801107186,0.216244314073853,0.30070558853039,0.243878680554844,0.175108929506331,0.364053173934315,0.153531276790502,0.234204369898785,0.35556848409482,0.20592879490989,0.180723937492639,3.31953059968768,0.127115124799872,0.154232160725459,0.279164710153881
"NIC23",0.139402082330667,0.274589726891724,0.931386460980759,0.15265807807494,0.166125996744102,1.12798857156597,0.179529440130712,0.234809542915587,0.718213427490599,0.185196016251641,0.164420075636716,0.214994083613811,0.1733271177413,0.215583554692183,0.71275783318668,0.186821261006078,0.0877416053567431,0.128815797845712,0.127165292654277,0.262305182157001,4.95642306977463,0.16573992803771,0.276940019927695,0.294103491067451,0.170970059353802,0.277344365125349,0.617051979036294,0.092956471113023,0.235936636628553,0.250541899209398,0.131387677237552,0.22382620133188,1.88021628646295,0.124054907492542,0.13221215931703,0.237576404849092,0.178595898598826,0.242754348799441,1.84837157640672,0.15203733792416,0.268706610017652,0.567837239306297,0.178595898598826,0.242754348799441,1.84837157640672,0.121810237130261,0.220740760834171,0.233932366798163,0.178595898598826,0.242754348799441,1.84837157640672,0.147267802996,0.0882177607750618,0.226095280929718,0.107892349176784,0.311460332689121,2.38471576222191,0.0965257974954193,0.253247987361097,0.872864094760449,0.179529440130712,0.234809542915587,0.718213427490599,0.0798549272060994,0.227352632089125,0.60124006083738,0.164504615010038,0.251669327933226,0.516907627236677,0.115756983281775,0.262549714035533,0.673499676263766,0.168705377307618,0.246845742256881,4.24561633867492,0.0783429231749132,0.258869369233199,5.14953915931492,0.142783607477047,0.239216855371471,0.983031134498868,0.0960276037685543,0.226392551505811,0.267614451558383,0.156044332541362,0.250545254432976,1.31478329893182,0.11284794602945,0.300284890127699,0.764636192435574,0.178595898598826,0.242754348799441,1.84837157640672,0.137956427284981,0.311460332689121,0.951639403537916,0.178595898598826,0.242754348799441,1.84837157640672,0.118338641525768,0.252476396909714,0.599137700413425,0.178595898598826,0.242754348799441,1.84837157640672,0.12468797336689,0.250275378143148,0.500630840414235,0.139402082330667,0.274589726891724,0.931386460980759,0.15265807807494,0.166125996744102,1.12798857156597,0.179529440130712,0.234809542915587,0.718213427490599,0.185196016251641,0.164420075636716,0.214994083613811,0.1733271177413,0.215583554692183,0.71275783318668,0.186821261006078,0.0877416053567431,0.128815797845712,0.127165292654277,0.262305182157001,4.95642306977463,0.16573992803771,0.276940019927695,0.294103491067451,0.170970059353802,0.277344365125349,0.617051979036294,0.092956471113023,0.235936636628553,0.250541899209398,0.131387677237552,0.22382620133188,1.88021628646295,0.124054907492542,0.13221215931703,0.237576404849092,0.178595898598826,0.242754348799441,1.84837157640672,0.15203733792416,0.268706610017652,0.567837239306297,0.178595898598826,0.242754348799441,1.84837157640672,0.121810237130261,0.220740760834171,0.233932366798163,0.178595898598826,0.242754348799441,1.84837157640672,0.147267802996,0.0882177607750618,0.226095280929718,0.154646767634418,0.21798911703056,1.02650834461949,0.134298995280905,0.2512761243222,0.457681892836358,0.145821579099026,0.208898462772259,0.380098460055626,0.100709953730599,0.228150537323739,0.498835328675866,0.146359307332794,0.216110208831191,1.7757796798602,0.0693772673624343,0.187640015692639,0.380067977857643,0.166130729131637,0.247898671640172,0.74805990844594,0.149096962302806,0.287971720399139,0.853604966295222,0.1126312690205,0.249656292075974,0.654857189422179,0.100709953730599,0.228150537323739,0.498835328675866,0.129295243187233,0.246895321409626,0.598301881570072,0.0861004327657862,0.233294141660364,0.441107268341873,0.154646767634418,0.21798911703056,1.02650834461949,0.134298995280905,0.2512761243222,0.457681892836358,0.145821579099026,0.208898462772259,0.380098460055626,0.100709953730599,0.228150537323739,0.498835328675866,0.146359307332794,0.216110208831191,1.7757796798602,0.0693772673624343,0.187640015692639,0.380067977857643
"NIC24",0.145705977279935,0.210735712842654,0.623227080112522,0.148167473677882,0.212753580258986,0.426624467801135,0.168229110636714,0.143813837246168,0.360381468754297,0.17890514548593,0.165019900847388,0.168878122630037,0.174151785595729,0.128321228901697,0.29109018569074,0.19706046657078,0.165253069307466,0.813073186467672,0.131140705676001,0.268094794989252,1.24822163572005,0.128040721691045,0.227395809865919,0.269791467853242,0.145988168719895,0.208864089553511,0.537827472677797,0.11994653978186,0.206519201560471,0.21473274934794,0.155348742718019,0.207522183691469,0.319738087817189,0.133852723127226,0.183323466837782,0.297257142083547,0.142505177764673,0.234582455670598,1.86077030978469,0.113400355931175,0.283822220149338,0.357161765958068,0.142505177764673,0.234582455670598,1.86077030978469,0.082664265318204,0.249233757021132,0.261850835126514,0.142505177764673,0.234582455670598,1.86077030978469,0.112803148328445,0.158643499154578,0.291669424468535,0.117969736777119,0.213054683034793,2.54497593469198,0.102620348348984,0.181738760591059,0.855185043120772,0.168229110636714,0.143813837246168,0.360381468754297,0.116563659154672,0.294669833416583,0.295633744333748,0.152427677048906,0.143627030722016,0.360238898341582,0.130423234283093,0.198007285103376,0.427306842915479,0.130672136552774,0.252495117429279,2.12464734699734,0.085051692097931,0.227676758049437,1.58939098188378,0.120252068762979,0.236090697259651,0.577859254397103,0.151655559410377,0.227949886667479,0.295984281707954,0.155388144982108,0.214324740977681,0.279941276608203,0.121072936196229,0.195524354271048,0.439969820797054,0.142505177764673,0.234582455670598,1.86077030978469,0.0658215166427246,0.24288213687412,1.00728884878833,0.142505177764673,0.234582455670598,1.86077030978469,0.111194938153113,0.220455910242708,0.449529591948771,0.142505177764673,0.234582455670598,1.86077030978469,0.143455423434506,0.21175236828645,0.281343319219401,0.145705977279935,0.210735712842654,0.623227080112522,0.148167473677882,0.212753580258986,0.426624467801135,0.168229110636714,0.143813837246168,0.360381468754297,0.17890514548593,0.165019900847388,0.168878122630037,0.174151785595729,0.128321228901697,0.29109018569074,0.19706046657078,0.165253069307466,0.813073186467672,0.131140705676001,0.268094794989252,1.24822163572005,0.128040721691045,0.227395809865919,0.269791467853242,0.145988168719895,0.208864089553511,0.537827472677797,0.11994653978186,0.206519201560471,0.21473274934794,0.155348742718019,0.207522183691469,0.319738087817189,0.133852723127226,0.183323466837782,0.297257142083547,0.142505177764673,0.234582455670598,1.86077030978469,0.113400355931175,0.283822220149338,0.357161765958068,0.142505177764673,0.234582455670598,1.86077030978469,0.082664265318204,0.249233757021132,0.261850835126514,0.142505177764673,0.234582455670598,1.86077030978469,0.112803148328445,0.158643499154578,0.291669424468535,0.181239543312945,0.248105132387808,0.663754992146025,0.111045501779548,0.197193670301815,0.374693822289647,0.19517080356542,0.21084854280426,0.334986179438466,0.114249989913361,0.204056039320142,0.270964241202636,0.175116667547111,0.208451617799398,0.726811038785823,0.0925490419318529,0.160133762554815,0.23928994178706,0.173967193350281,0.237590189692753,0.353041284916122,0.11935062165625,0.205212273821696,0.660423445852413,0.171641184621548,0.207336110124639,0.302339871475766,0.114249989913361,0.204056039320142,0.270964241202636,0.180056650840196,0.204799820623299,0.279193548232756,0.104195282483758,0.203065520235732,0.235575630164412,0.181239543312945,0.248105132387808,0.663754992146025,0.111045501779548,0.197193670301815,0.374693822289647,0.19517080356542,0.21084854280426,0.334986179438466,0.114249989913361,0.204056039320142,0.270964241202636,0.175116667547111,0.208451617799398,0.726811038785823,0.0925490419318529,0.160133762554815,0.23928994178706
"NIC25",0.152369590187355,0.224544760621998,0.768126453279629,0.163130506277964,0.174106093851143,0.719033498172522,0.254884626934292,0.173333557012686,0.374208898163722,0.198795958988954,0.179751315559056,0.320554126242352,0.284535759832452,0.165818680489723,0.524209835197165,0.205116358975575,0.186893322285738,0.756989716354255,0.171582200913333,0.256159951721849,2.62589705278095,0.163625998646551,0.218917428396552,0.309901273589182,0.191532226431748,0.22895821454617,1.25113842423922,0.0813945423123995,0.177527762319927,0.218809616327381,0.179555608100418,0.173137805611517,0.804664021879483,0.134708775379298,0.171111159006112,0.337025811222645,0.353154554100141,0.256562154599639,4.13665644889728,0.138382389715083,0.226587451599763,0.893671962163622,0.353154554100141,0.256562154599639,4.13665644889728,0.123375140195069,0.191644731959477,0.383879453247397,0.353154554100141,0.256562154599639,4.13665644889728,0.141153058133571,0.166371777308928,0.202761355187133,0.176925298286088,0.263375432674631,2.17627995749185,0.178183545227413,0.164567853178523,1.04292242544845,0.254884626934292,0.173333557012686,0.374208898163722,0.156045292724724,0.252778068299057,21.0870112901843,0.249010906432579,0.193296125756611,0.424373718926538,0.128077745359356,0.257225372154731,0.711175215254091,0.249605164666593,0.268740788587093,4.62470719655491,0.110602409761948,0.238492536275819,0.892928282323817,0.172165901006829,0.260830124336442,1.59438214046043,0.119058954358426,0.169764344842649,0.492994590043047,0.191553216288717,0.253597766548202,0.348794947390752,0.120608615219472,0.239043296243316,1.01263091984778,0.353154554100141,0.256562154599639,4.13665644889728,0.126728423555746,0.268740788587093,15.3187659289448,0.353154554100141,0.256562154599639,4.13665644889728,0.119552958066782,0.268740788587093,4.27119451200053,0.353154554100141,0.256562154599639,4.13665644889728,0.12764774085753,0.244494949790791,0.354984490241185,0.152369590187355,0.224544760621998,0.768126453279629,0.163130506277964,0.174106093851143,0.719033498172522,0.254884626934292,0.173333557012686,0.374208898163722,0.198795958988954,0.179751315559056,0.320554126242352,0.284535759832452,0.165818680489723,0.524209835197165,0.205116358975575,0.186893322285738,0.756989716354255,0.171582200913333,0.256159951721849,2.62589705278095,0.163625998646551,0.218917428396552,0.309901273589182,0.191532226431748,0.22895821454617,1.25113842423922,0.0813945423123995,0.177527762319927,0.218809616327381,0.179555608100418,0.173137805611517,0.804664021879483,0.134708775379298,0.171111159006112,0.337025811222645,0.353154554100141,0.256562154599639,4.13665644889728,0.138382389715083,0.226587451599763,0.893671962163622,0.353154554100141,0.256562154599639,4.13665644889728,0.123375140195069,0.191644731959477,0.383879453247397,0.353154554100141,0.256562154599639,4.13665644889728,0.141153058133571,0.166371777308928,0.202761355187133,0.250990418241753,0.204983280003265,2.28447889721255,0.126855582836868,0.250284642424936,2.43115917790426,0.275328964380076,0.175028949311265,0.811459757864254,0.137189006131703,0.215738197419243,0.340221711433264,0.258798007094529,0.184101035854868,14.3782080481224,0.102454302242732,0.151713924299419,0.452085005847806,0.24113847348727,0.268173536301941,0.495176666317913,0.180997939628913,0.253327168635165,3.44041650727151,0.241244657574549,0.255146359171346,0.529945793171844,0.137189006131703,0.215738197419243,0.340221711433264,0.25094477975427,0.23464619536659,0.42188033489502,0.13458273274445,0.206966791061134,0.321402560020864,0.250990418241753,0.204983280003265,2.28447889721255,0.126855582836868,0.250284642424936,2.43115917790426,0.275328964380076,0.175028949311265,0.811459757864254,0.137189006131703,0.215738197419243,0.340221711433264,0.258798007094529,0.184101035854868,14.3782080481224,0.102454302242732,0.151713924299419,0.452085005847806
"NIC12nova",0.119165404909938,0.228134004809037,0.946759141141096,0.166496195679906,0.196849198410067,0.540265421784068,0.170752260468098,0.082294744959685,1.90005916992186,0.186363684837542,0.211963407427979,0.247606953923283,0.165954000844902,0.0826970580426654,0.31189051821313,0.207802501741806,0.186103520247926,0.637509839797829,0.146191596447125,0.206814086143353,8.63971212492838,0.17186412682159,0.259630350387847,0.299622058581174,0.123426614824495,0.241004062684714,0.608612401881039,0.143603269936235,0.258709684033787,0.275025821137511,0.118303291250553,0.139971311495472,0.539405676026712,0.156052798651405,0.226774847827597,0.270215383346723,0.158839303539603,0.280204792783849,25.4784574445617,0.147320222856517,0.247701312296051,0.419423302786599,0.158839303539603,0.280204792783849,25.4784574445617,0.115855345048725,0.239224448854461,0.317923352870464,0.158839303539603,0.280204792783849,25.4784574445617,0.164610151636594,0.145135925898881,0.287093494185583,0.123495801131199,0.13154821114399,1.60933636171812,0.0884095095525003,0.275229574297714,0.827508703327241,0.170752260468098,0.082294744959685,1.90005916992186,0.0872673321765214,0.215966150839725,0.325539552784167,0.145607368870088,0.114277912886478,0.357005769280551,0.0980669710122667,0.259849615499032,0.481304069509596,0.175594284075195,0.339091329591858,2.04645344732402,0.105064776712807,0.339091329591858,5.21962861950576,0.126566735596394,0.234450070474057,1.54039028016597,0.138226548483935,0.225869837058882,0.282343374182559,0.116150403195256,0.193920101736036,0.427695528049575,0.105108480294911,0.247077843070969,0.768085534283733,0.158839303539603,0.280204792783849,25.4784574445617,0.173024834742623,0.339091329591858,1.14492038544877,0.158839303539603,0.280204792783849,25.4784574445617,0.103168171550096,0.291176487043166,19.4236098661701,0.158839303539603,0.280204792783849,25.4784574445617,0.132446025732667,0.222012961959989,0.422596088968274,0.119165404909938,0.228134004809037,0.946759141141096,0.166496195679906,0.196849198410067,0.540265421784068,0.170752260468098,0.082294744959685,1.90005916992186,0.186363684837542,0.211963407427979,0.247606953923283,0.165954000844902,0.0826970580426654,0.31189051821313,0.207802501741806,0.186103520247926,0.637509839797829,0.146191596447125,0.206814086143353,8.63971212492838,0.17186412682159,0.259630350387847,0.299622058581174,0.123426614824495,0.241004062684714,0.608612401881039,0.143603269936235,0.258709684033787,0.275025821137511,0.118303291250553,0.139971311495472,0.539405676026712,0.156052798651405,0.226774847827597,0.270215383346723,0.158839303539603,0.280204792783849,25.4784574445617,0.147320222856517,0.247701312296051,0.419423302786599,0.158839303539603,0.280204792783849,25.4784574445617,0.115855345048725,0.239224448854461,0.317923352870464,0.158839303539603,0.280204792783849,25.4784574445617,0.164610151636594,0.145135925898881,0.287093494185583,0.167642090420518,0.212753639610719,1.1511032215434,0.138160151484896,0.239819111701583,1.45524202926386,0.166009634206981,0.161106648130822,0.403600866693576,0.129724859657613,0.197381801140766,0.329443890408993,0.186467095916376,0.175193076330848,1.46993526580049,0.0933071573967087,0.127702641868892,0.305843921044164,0.12570887908464,0.306438596539906,0.459153536089787,0.175967112614848,0.284142137404819,0.996987039764572,0.112929082296739,0.224542185076572,0.505952080023291,0.129724859657613,0.197381801140766,0.329443890408993,0.12281775924213,0.211345093418694,0.491245969617317,0.107904254451525,0.190070216429794,0.2836318198778,0.167642090420518,0.212753639610719,1.1511032215434,0.138160151484896,0.239819111701583,1.45524202926386,0.166009634206981,0.161106648130822,0.403600866693576,0.129724859657613,0.197381801140766,0.329443890408993,0.186467095916376,0.175193076330848,1.46993526580049,0.0933071573967087,0.127702641868892,0.305843921044164
"NIC29",0.22986985747388,0.219050819464926,0.414887341027933,0.1476296598684,0.206633703523164,0.429801189703561,0.252959930587523,0.214793087978139,0.264035115913277,0.206076956098399,0.192936477951509,0.254856452330269,0.243688504076735,0.188248836544129,0.327385919296611,0.216514927636986,0.199242228715766,0.904851784068909,0.144163319600014,0.264989048352183,0.532429940121498,0.123517946069418,0.262474782779073,0.301308197526034,0.221704510331094,0.236427954376206,0.394005710803407,0.147259846601135,0.230309328919855,0.252843923801115,0.245466930950994,0.204853090591201,0.303724983341105,0.139709533026661,0.240589239189596,0.424528809748055,0.191646327537782,0.243135633781827,0.96417087023247,0.121111262643599,0.245453052273124,0.398447802794421,0.191646327537782,0.243135633781827,0.96417087023247,0.104610204885969,0.215994047167916,0.279698738737251,0.191646327537782,0.243135633781827,0.96417087023247,0.131847195658359,0.188847833144345,0.399383463620249,0.127735987743997,0.241111911181043,2.02313122147903,0.134965915924265,0.235769275300421,0.9805527198932,0.252959930587523,0.214793087978139,0.264035115913277,0.14720370954088,0.30822476807792,0.318014229560372,0.227992864202827,0.22286110969231,0.400045176686441,0.152705788843988,0.224371384217687,0.500498379238004,0.171514799062067,0.243360995876796,1.16035075472073,0.0812729305744272,0.227476287766459,3.81516944235068,0.159098523811457,0.240428164782534,0.395242037302665,0.168546492225102,0.255566813579008,0.283025922959069,0.25657443878656,0.227238732799006,0.297918467767347,0.156826794874625,0.222742297583719,0.504398307471388,0.191646327537782,0.243135633781827,0.96417087023247,0.0919967446584827,0.240131582177044,1.40749001649907,0.191646327537782,0.243135633781827,0.96417087023247,0.148583811191763,0.236344897239496,0.432089712159802,0.191646327537782,0.243135633781827,0.96417087023247,0.176211294045358,0.218307661924674,0.350144603185428,0.22986985747388,0.219050819464926,0.414887341027933,0.1476296598684,0.206633703523164,0.429801189703561,0.252959930587523,0.214793087978139,0.264035115913277,0.206076956098399,0.192936477951509,0.254856452330269,0.243688504076735,0.188248836544129,0.327385919296611,0.216514927636986,0.199242228715766,0.904851784068909,0.144163319600014,0.264989048352183,0.532429940121498,0.123517946069418,0.262474782779073,0.301308197526034,0.221704510331094,0.236427954376206,0.394005710803407,0.147259846601135,0.230309328919855,0.252843923801115,0.245466930950994,0.204853090591201,0.303724983341105,0.139709533026661,0.240589239189596,0.424528809748055,0.191646327537782,0.243135633781827,0.96417087023247,0.121111262643599,0.245453052273124,0.398447802794421,0.191646327537782,0.243135633781827,0.96417087023247,0.104610204885969,0.215994047167916,0.279698738737251,0.191646327537782,0.243135633781827,0.96417087023247,0.131847195658359,0.188847833144345,0.399383463620249,0.308294845764458,0.2518041081671,0.441491249985607,0.143832814929122,0.230528755841757,0.376418748838339,0.329979165708951,0.242579259447332,0.381682908088106,0.149714038852027,0.22108597196545,0.300988858691451,0.273312276636565,0.239604013632329,0.800114429341188,0.131852260310302,0.173120521699281,0.269630800306852,0.24291564628541,0.239411487244327,0.348140132993139,0.157096288166821,0.231313297608155,0.550811256733967,0.219541122728171,0.229826451362926,0.349463230198422,0.149714038852027,0.22108597196545,0.300988858691451,0.240761343668675,0.225207299654329,0.328745045296479,0.141359007377285,0.219660083915219,0.29100607360068,0.308294845764458,0.2518041081671,0.441491249985607,0.143832814929122,0.230528755841757,0.376418748838339,0.329979165708951,0.242579259447332,0.381682908088106,0.149714038852027,0.22108597196545,0.300988858691451,0.273312276636565,0.239604013632329,0.800114429341188,0.131852260310302,0.173120521699281,0.269630800306852
"NIC15",0.458931366401259,0.267527053545209,1.26400744255224,0.167254547915046,0.240252274606205,0.414760021672629,0.35719881504682,0.254599943366761,1.03894739864388,0.211910905682803,0.175154785657807,0.211796559480813,0.262904386824198,0.247118105284248,0.335536247421239,0.209679754384501,0.191498881872302,0.754656081890139,0.306770388218324,0.267527053545209,7.46957002612987,0.132247029999515,0.194500374758368,0.296425108132914,0.338347114603978,0.267527053545209,286.154244427214,0.0902362022655187,0.258045569331985,0.306336668846096,0.263126572268497,0.265722780616485,0.663603045913778,0.153281469635176,0.251918506969286,0.678604185217189,0.646272519811782,0.267527053545209,21.738848794798,0.11477893040877,0.232724754098051,0.439575957653511,0.646272519811782,0.267527053545209,21.738848794798,0.0925351168272227,0.229508180812553,0.228483903286111,0.646272519811782,0.267527053545209,21.738848794798,0.119713436145154,0.2256372225244,5.170471639301,0.151932767335907,0.267527053545209,2.26574536027278,0.149702268403126,0.235122065051359,1.02672365173003,0.35719881504682,0.254599943366761,1.03894739864388,0.1881953151944,0.267527053545209,1.99558469835235,0.285122926056246,0.267527053545209,0.456988525937941,0.205024010760766,0.267527053545209,0.584457234796974,0.45272704525441,0.267527053545209,31.8348072636667,0.0646876876845227,0.267527053545209,1.07606205806622,0.316470539446756,0.267527053545209,16.5600661573561,0.101106036359425,0.23565070870558,0.81203979127531,0.380789426028119,0.267527053545209,0.877423405514624,0.174640352975412,0.267527053545209,1.06045581888823,0.646272519811782,0.267527053545209,21.738848794798,0.0703562251129825,0.267527053545209,5.90497612966657,0.646272519811782,0.267527053545209,21.738848794798,0.188613854342295,0.267527053545209,2.07450449163178,0.646272519811782,0.267527053545209,21.738848794798,0.161714211001379,0.267527053545209,0.644268318603797,0.458931366401259,0.267527053545209,1.26400744255224,0.167254547915046,0.240252274606205,0.414760021672629,0.35719881504682,0.254599943366761,1.03894739864388,0.211910905682803,0.175154785657807,0.211796559480813,0.262904386824198,0.247118105284248,0.335536247421239,0.209679754384501,0.191498881872302,0.754656081890139,0.306770388218324,0.267527053545209,7.46957002612987,0.132247029999515,0.194500374758368,0.296425108132914,0.338347114603978,0.267527053545209,286.154244427214,0.0902362022655187,0.258045569331985,0.306336668846096,0.263126572268497,0.265722780616485,0.663603045913778,0.153281469635176,0.251918506969286,0.678604185217189,0.646272519811782,0.267527053545209,21.738848794798,0.11477893040877,0.232724754098051,0.439575957653511,0.646272519811782,0.267527053545209,21.738848794798,0.0925351168272227,0.229508180812553,0.228483903286111,0.646272519811782,0.267527053545209,21.738848794798,0.119713436145154,0.2256372225244,5.170471639301,0.186830384266909,0.262984064281065,2.68630510533062,0.141494538158811,0.267527053545209,15954.3351526328,0.237154010219089,0.253081407675231,0.815705621983494,0.121466486040953,0.267527053545209,0.461959032327676,0.234260367669416,0.267527053545209,4.67125265806872,0.0912761214329742,0.248847119311816,0.36724274703681,0.413660502354651,0.267527053545209,1.11254223999161,0.164034681281896,0.267527053545209,13.0632759122052,0.306115404892487,0.267527053545209,0.712328742023007,0.121466486040953,0.267527053545209,0.461959032327676,0.288031383421361,0.267527053545209,0.77757091554203,0.115308902941141,0.267527053545209,0.505062958119158,0.186830384266909,0.262984064281065,2.68630510533062,0.141494538158811,0.267527053545209,15954.3351526328,0.237154010219089,0.253081407675231,0.815705621983494,0.121466486040953,0.267527053545209,0.461959032327676,0.234260367669416,0.267527053545209,4.67125265806872,0.0912761214329742,0.248847119311816,0.36724274703681
"NIC18",0.0614761556489022,0.227140047625376,10.7058659067488,0.126954958010963,0.154698403962097,0.541401000432032,0.107234781202766,0.0409833474115482,0.24206618432433,0.163538933547783,0.203611063693022,0.233440282821628,0.158932314594874,0.0387054240552565,0.278368296152791,0.180156712627605,0.151976959660878,0.843408598154728,0.0567956311879655,0.162556001101327,1.82891782363887,0.13494084099872,0.212322033044065,0.252657247834867,0.0744721274542941,0.225893212195928,0.702814856489185,0.0800531287570123,0.221482728209193,0.250268969691557,0.133063508379509,0.138027343533051,0.635248363407497,0.113823364499031,0.19858156184256,0.237310968267954,0.0952510862557585,0.250758305279343,2.80446851219282,0.117478966948728,0.211961895401454,0.476235388470593,0.0952510862557585,0.250758305279343,2.80446851219282,0.0823778803678247,0.171296258143282,0.235029556620175,0.0952510862557585,0.250758305279343,2.80446851219282,0.111181076197866,0.159476975122639,0.399378501021448,0.11414513983429,0.16685212833634,3.96832931989754,0.0732653565795612,0.286303692068207,0.8788378284484,0.107234781202766,0.0409833474115482,0.24206618432433,0.0949678549160992,0.327874768654306,0.38614200053094,0.0988509216717609,0.187846802137275,0.980200795973859,0.0872223041761379,0.252117514863339,0.773336530204482,0.0834480534305763,0.243135963335887,1.79394554067907,0.0853220036688722,0.245901307884068,8.8103372967633,0.0607257762903391,0.208134295938917,0.867348409827024,0.0921388188088539,0.207978248149801,2.19063705286107,0.0876111293089229,0.206792851946659,0.563824707511482,0.101156142982057,0.214773960479496,0.429873168195687,0.0952510862557585,0.250758305279343,2.80446851219282,0.0836819991967747,0.243941513350129,1.07774617932322,0.0952510862557585,0.250758305279343,2.80446851219282,0.0720134005207966,0.238031255532076,0.402340668397226,0.0952510862557585,0.250758305279343,2.80446851219282,0.0926235131904855,0.196542257515309,0.351786667441591,0.0614761556489022,0.227140047625376,10.7058659067488,0.126954958010963,0.154698403962097,0.541401000432032,0.107234781202766,0.0409833474115482,0.24206618432433,0.163538933547783,0.203611063693022,0.233440282821628,0.158932314594874,0.0387054240552565,0.278368296152791,0.180156712627605,0.151976959660878,0.843408598154728,0.0567956311879655,0.162556001101327,1.82891782363887,0.13494084099872,0.212322033044065,0.252657247834867,0.0744721274542941,0.225893212195928,0.702814856489185,0.0800531287570123,0.221482728209193,0.250268969691557,0.133063508379509,0.138027343533051,0.635248363407497,0.113823364499031,0.19858156184256,0.237310968267954,0.0952510862557585,0.250758305279343,2.80446851219282,0.117478966948728,0.211961895401454,0.476235388470593,0.0952510862557585,0.250758305279343,2.80446851219282,0.0823778803678247,0.171296258143282,0.235029556620175,0.0952510862557585,0.250758305279343,2.80446851219282,0.111181076197866,0.159476975122639,0.399378501021448,0.118695681340501,0.15485470846322,0.49782443305201,0.102035316963296,0.257731469035322,0.566341989593275,0.131388222830978,0.160046341998537,0.727794746169665,0.0696271439044713,0.203388146426355,0.331544027282442,0.101460226857615,0.127322682045714,0.55202744822388,0.0576955483818177,0.143064743115285,0.292042534438933,0.0796184227665326,0.219299512696871,0.316873601072824,0.10534856402892,0.271320750379687,0.846499633514839,0.0748137943113273,0.222426822554949,0.373452340921526,0.0696271439044713,0.203388146426355,0.331544027282442,0.081697425364757,0.216182223225335,0.361970110279487,0.0654913246002508,0.197568616314231,0.31628358403246,0.118695681340501,0.15485470846322,0.49782443305201,0.102035316963296,0.257731469035322,0.566341989593275,0.131388222830978,0.160046341998537,0.727794746169665,0.0696271439044713,0.203388146426355,0.331544027282442,0.101460226857615,0.127322682045714,0.55202744822388,0.0576955483818177,0.143064743115285,0.292042534438933
"NIC17",0.280350552166761,0.258092797243073,0.852495231636364,0.178696551276889,0.23367722046031,0.377621424815535,0.318270248151085,0.123005334897513,1.10261837712197,0.232673982061443,0.211188428974441,0.347814199773069,0.203075935978839,0.131429374148435,0.338445258343207,0.252013718652287,0.197822412717381,0.734590729572904,0.200705803580285,0.210556021827617,3.19611023601109,0.135778336344586,0.253971841076873,0.307594609374454,0.233899714668976,0.258192984856891,1.03438363816083,0.200007071838211,0.244846160490633,0.275499672379124,0.184800936014698,0.170291476030872,0.494678148785465,0.163154991370581,0.233491547647297,0.358927671843283,0.347594746234695,0.257376394986649,12.833662614352,0.131533987282764,0.305214588397315,0.302273603079014,0.347594746234695,0.257376394986649,12.833662614352,0.158170480037421,0.179572472069512,0.330961945199884,0.347594746234695,0.257376394986649,12.833662614352,0.191040762923562,0.146867764562432,0.320391543044213,0.163338318173173,0.180736315670312,4.19222495538491,0.190587599366753,0.294976839434264,1.40160157683499,0.318270248151085,0.123005334897513,1.10261837712197,0.253596253577142,0.327925688739529,0.354903744333884,0.220519060891947,0.165279041452517,0.564524900411812,0.251791374691312,0.247494688210547,0.479591905848455,0.258787087987886,0.282785434436173,49.8538776937707,0.114696675084531,0.345558583054559,1.19018636268347,0.145329302814065,0.242896538193527,0.587060067258705,0.163802721382552,0.198002141748543,0.362974394042616,0.203322431482473,0.234715415721312,0.706403111822071,0.239814945480049,0.254819278981841,0.532845148737808,0.347594746234695,0.257376394986649,12.833662614352,0.136365104955111,0.247554149517432,0.923672720507599,0.347594746234695,0.257376394986649,12.833662614352,0.250725800904204,0.257724439774165,1.93670432420625,0.347594746234695,0.257376394986649,12.833662614352,0.221706348935968,0.252874069797541,0.424726481534899,0.280350552166761,0.258092797243073,0.852495231636364,0.178696551276889,0.23367722046031,0.377621424815535,0.318270248151085,0.123005334897513,1.10261837712197,0.232673982061443,0.211188428974441,0.347814199773069,0.203075935978839,0.131429374148435,0.338445258343207,0.252013718652287,0.197822412717381,0.734590729572904,0.200705803580285,0.210556021827617,3.19611023601109,0.135778336344586,0.253971841076873,0.307594609374454,0.233899714668976,0.258192984856891,1.03438363816083,0.200007071838211,0.244846160490633,0.275499672379124,0.184800936014698,0.170291476030872,0.494678148785465,0.163154991370581,0.233491547647297,0.358927671843283,0.347594746234695,0.257376394986649,12.833662614352,0.131533987282764,0.305214588397315,0.302273603079014,0.347594746234695,0.257376394986649,12.833662614352,0.158170480037421,0.179572472069512,0.330961945199884,0.347594746234695,0.257376394986649,12.833662614352,0.191040762923562,0.146867764562432,0.320391543044213,0.284681067856964,0.198882415693529,0.673183868233193,0.183075571381658,0.274255869439789,0.444555687996346,0.239723340048881,0.196323652551954,0.404949205237129,0.144222171933054,0.211655814190003,0.321934967329522,0.242795353681149,0.17444296045845,0.895702828026309,0.103641907169362,0.141542629236093,0.264442309853584,0.36656626024869,0.279198715484416,0.447976541806205,0.221365555167361,0.2769442898456,1.25038958344338,0.28201229011948,0.25084286796434,0.385334155445404,0.144222171933054,0.211655814190003,0.321934967329522,0.241725267756198,0.232565913281663,0.392513241261995,0.133919341579636,0.201906040303293,0.313317997804579,0.284681067856964,0.198882415693529,0.673183868233193,0.183075571381658,0.274255869439789,0.444555687996346,0.239723340048881,0.196323652551954,0.404949205237129,0.144222171933054,0.211655814190003,0.321934967329522,0.242795353681149,0.17444296045845,0.895702828026309,0.103641907169362,0.141542629236093,0.264442309853584
"NIC3",0.440350979108333,0.308084115139938,4.31895209113293,0.271990123485915,0.220625958033384,0.329338549534257,0.814154734083335,0.308084115139938,1.54908887275603,0.293483072409653,0.22098578384291,0.22718166491381,0.538946138236791,0.308084115139938,0.579657358673893,0.289794806275346,0.222820545577232,0.443919290986561,1.1639403869592,0.308084115139938,5.75193050025405,0.190616139856733,0.23620092839576,0.282401389974226,0.873628445799417,0.308084115139938,7.12643302650967,0.196776193688276,0.308084115139938,2.1019947351899,0.615829455302646,0.308084115139938,1.16261693520498,0.247143924960206,0.308084115139938,3.77411072332253,7.28797493729722,0.308084115139938,111.975453682204,0.161914883514474,0.246784155080912,0.330561540395439,7.28797493729722,0.308084115139938,111.975453682204,0.141603207230537,0.25096709791524,0.295050986959827,7.28797493729722,0.308084115139938,111.975453682204,0.21637404453906,0.308084115139938,1.02646495926749,0.35308997391478,0.308084115139938,7.02295652923852,0.354634244350283,0.221988342474242,2.03638024587212,0.814154734083335,0.308084115139938,1.54908887275603,0.351604275167134,0.308084115139938,17.0081411546535,0.485813811190027,0.308084115139938,0.833818605302608,0.233342926246984,0.308084115139938,0.828185857934204,1.60684612164057,0.308084115139938,8.20063487107491,0.105100892405493,0.308084115139938,1.37767322438262,0.512283412789382,0.308084115139938,23.5858347313484,0.176867524541617,0.308084115139938,0.954992855559261,0.506853137561265,0.308084115139938,1.56721229561308,0.225412888159029,0.308084115139938,1.0209276833347,7.28797493729722,0.308084115139938,111.975453682204,0.156051728522414,0.304885255911592,9.99759536187136,7.28797493729722,0.308084115139938,111.975453682204,0.295878754018342,0.308084115139938,1.7817241855859,7.28797493729722,0.308084115139938,111.975453682204,0.244340249966864,0.308084115139938,7.46144574793801,0.440350979108333,0.308084115139938,4.31895209113293,0.271990123485915,0.220625958033384,0.329338549534257,0.814154734083335,0.308084115139938,1.54908887275603,0.293483072409653,0.22098578384291,0.22718166491381,0.538946138236791,0.308084115139938,0.579657358673893,0.289794806275346,0.222820545577232,0.443919290986561,1.1639403869592,0.308084115139938,5.75193050025405,0.190616139856733,0.23620092839576,0.282401389974226,0.873628445799417,0.308084115139938,7.12643302650967,0.196776193688276,0.308084115139938,2.1019947351899,0.615829455302646,0.308084115139938,1.16261693520498,0.247143924960206,0.308084115139938,3.77411072332253,7.28797493729722,0.308084115139938,111.975453682204,0.161914883514474,0.246784155080912,0.330561540395439,7.28797493729722,0.308084115139938,111.975453682204,0.141603207230537,0.25096709791524,0.295050986959827,7.28797493729722,0.308084115139938,111.975453682204,0.21637404453906,0.308084115139938,1.02646495926749,0.580759484470041,0.308084115139938,1.74692414246266,0.19782576890057,0.308084115139938,3.96092390815351,0.55006789870045,0.308084115139938,1.40219940340733,0.202318272516059,0.308084115139938,0.83554568611627,1.68492664757872,0.308084115139938,1.87334555630354,0.163900908274511,0.308084115139938,0.6388753227294,0.622782553224159,0.308084115139938,1.06854582921267,0.108795263075786,0.308084115139938,2.27138910084132,0.393874764314209,0.308084115139938,0.831955275315116,0.202318272516059,0.308084115139938,0.83554568611627,0.353488204205623,0.308084115139938,1.28976076048736,0.207666742448315,0.308084115139938,1.12498156183927,0.580759484470041,0.308084115139938,1.74692414246266,0.19782576890057,0.308084115139938,3.96092390815351,0.55006789870045,0.308084115139938,1.40219940340733,0.202318272516059,0.308084115139938,0.83554568611627,1.68492664757872,0.308084115139938,1.87334555630354,0.163900908274511,0.308084115139938,0.6388753227294
"NIC22",0.266221520109118,0.305523786045961,0.483494203315394,0.229563712668365,0.292492036465298,0.39404345495148,0.194681553159551,0.161148920140135,0.298012056265785,0.240259789146842,0.256771499897592,0.376715212773929,0.204603503077795,0.184666869835043,0.297099899681145,0.264229032561272,0.253374394438406,0.815721718623833,0.194670404609437,0.234228164363112,2.24554127396942,0.17759204760044,0.292547102501376,0.349880267489873,0.193935827537615,0.269992666608125,0.432564562484341,0.185540340690145,0.283017697272569,0.31762953859091,0.160363523056822,0.18158843084203,0.347055985352463,0.210124552253313,0.311420452792006,0.439274405361313,0.197440452519439,0.294235111330947,14.45165794188,0.174688749564211,0.294548242198229,0.333254840065939,0.197440452519439,0.294235111330947,14.45165794188,0.175304203130109,0.223601078809876,0.408925002427282,0.197440452519439,0.294235111330947,14.45165794188,0.220691707121097,0.206643998696794,0.409458956411481,0.136372660502767,0.231908881376069,20.9916546031425,0.21592005586083,0.338907068448445,2.24652966393702,0.194681553159551,0.161148920140135,0.298012056265785,0.220209579250987,0.345531330401292,0.358349988830617,0.203542698340033,0.214790347381967,0.449424921740851,0.2510495657739,0.288010825749016,0.471626354431167,0.200763434328593,0.31753622266628,4.97121436913713,0.146797129808676,0.358448311639312,1.04173316455797,0.157978193271173,0.260131718174874,0.550429810493964,0.16761223115643,0.266133140081659,0.343957387456941,0.19631304791615,0.265797082414739,0.363897729188787,0.237460575267182,0.282768274452217,0.355504211675458,0.197440452519439,0.294235111330947,14.45165794188,0.168163269918871,0.288617472088653,1.65199239242994,0.197440452519439,0.294235111330947,14.45165794188,0.260902785485658,0.281738455292371,3.99139855643528,0.197440452519439,0.294235111330947,14.45165794188,0.215787064114379,0.289798166206346,0.43162665445709,0.266221520109118,0.305523786045961,0.483494203315394,0.229563712668365,0.292492036465298,0.39404345495148,0.194681553159551,0.161148920140135,0.298012056265785,0.240259789146842,0.256771499897592,0.376715212773929,0.204603503077795,0.184666869835043,0.297099899681145,0.264229032561272,0.253374394438406,0.815721718623833,0.194670404609437,0.234228164363112,2.24554127396942,0.17759204760044,0.292547102501376,0.349880267489873,0.193935827537615,0.269992666608125,0.432564562484341,0.185540340690145,0.283017697272569,0.31762953859091,0.160363523056822,0.18158843084203,0.347055985352463,0.210124552253313,0.311420452792006,0.439274405361313,0.197440452519439,0.294235111330947,14.45165794188,0.174688749564211,0.294548242198229,0.333254840065939,0.197440452519439,0.294235111330947,14.45165794188,0.175304203130109,0.223601078809876,0.408925002427282,0.197440452519439,0.294235111330947,14.45165794188,0.220691707121097,0.206643998696794,0.409458956411481,0.213684440751238,0.22334385482622,0.401294607290819,0.206549757731716,0.286637455769987,0.473195102736781,0.178788199856637,0.212826010543276,0.338641339433912,0.168443257010454,0.250048858737617,0.323734251965434,0.180087222557066,0.212078927274994,0.623882409185127,0.133904937662023,0.191493685707286,0.282405376326084,0.343674860182665,0.305198063723803,0.383957263753378,0.223297658756947,0.308192629758126,1.10309930707348,0.223142778414264,0.276354903864146,0.356705912439529,0.168443257010454,0.250048858737617,0.323734251965434,0.211379263867942,0.263948000954346,0.350911097276796,0.153898573285403,0.24260589836845,0.319883540446261,0.213684440751238,0.22334385482622,0.401294607290819,0.206549757731716,0.286637455769987,0.473195102736781,0.178788199856637,0.212826010543276,0.338641339433912,0.168443257010454,0.250048858737617,0.323734251965434,0.180087222557066,0.212078927274994,0.623882409185127,0.133904937662023,0.191493685707286,0.282405376326084
"NIC19",0.23538843919629,0.323183433336683,0.497442530549944,0.21832305597559,0.301357795112365,0.460574900743111,0.232074125202942,0.10185271417561,0.892043742582615,0.252116833145686,0.229508211713602,0.317987208684737,0.1978221555116,0.139108821679263,0.348188689814892,0.249565853065068,0.202407556745805,0.497263239474127,0.176427734872666,0.144475447021465,5.83560880679326,0.22334740979152,0.253200281437846,0.286767628456522,0.23255098810442,0.24067914420903,0.651306037220654,0.142978481055071,0.28916388535285,0.321185088069109,0.179461447264066,0.134506728400136,0.584888935759348,0.199143483376223,0.29240573320414,0.43472279196848,0.308160770643065,0.272623316465207,31.218604612314,0.193738799009695,0.301999208792668,0.422857997411872,0.308160770643065,0.272623316465207,31.218604612314,0.181263486234754,0.18821558162228,0.352986589673875,0.308160770643065,0.272623316465207,31.218604612314,0.221092536267057,0.177931301730025,0.393031236441025,0.187277021429823,0.160070881172479,7.08772852066877,0.21931141883668,0.285450058628928,1.70708520259549,0.232074125202942,0.10185271417561,0.892043742582615,0.215300625423293,0.340660738310308,0.365323879147957,0.191307223119002,0.160997653329901,0.592801820646779,0.236550029302501,0.268545037919986,0.485910519941756,0.202212988923619,0.239108950843422,67.4118013083123,0.124310024581226,0.361521108050158,1.3349616698255,0.16122639641094,0.231009172744072,0.768256261935424,0.130256321843922,0.256443997913622,0.292197555815023,0.219756059556317,0.22286810846337,0.631020869448674,0.208963228712815,0.269613335934452,0.346796790609881,0.308160770643065,0.272623316465207,31.218604612314,0.134809301641527,0.285225298140408,1.24355857420346,0.308160770643065,0.272623316465207,31.218604612314,0.249091012922842,0.287320877035395,2.61345410593563,0.308160770643065,0.272623316465207,31.218604612314,0.236417409601358,0.320540268579022,0.517962226617854,0.23538843919629,0.323183433336683,0.497442530549944,0.21832305597559,0.301357795112365,0.460574900743111,0.232074125202942,0.10185271417561,0.892043742582615,0.252116833145686,0.229508211713602,0.317987208684737,0.1978221555116,0.139108821679263,0.348188689814892,0.249565853065068,0.202407556745805,0.497263239474127,0.176427734872666,0.144475447021465,5.83560880679326,0.22334740979152,0.253200281437846,0.286767628456522,0.23255098810442,0.24067914420903,0.651306037220654,0.142978481055071,0.28916388535285,0.321185088069109,0.179461447264066,0.134506728400136,0.584888935759348,0.199143483376223,0.29240573320414,0.43472279196848,0.308160770643065,0.272623316465207,31.218604612314,0.193738799009695,0.301999208792668,0.422857997411872,0.308160770643065,0.272623316465207,31.218604612314,0.181263486234754,0.18821558162228,0.352986589673875,0.308160770643065,0.272623316465207,31.218604612314,0.221092536267057,0.177931301730025,0.393031236441025,0.219182634082521,0.186507910117947,0.872762353644358,0.192381686516759,0.267567558037319,0.452759008672124,0.181553932166971,0.181350359732474,0.496352285736438,0.142749516411533,0.217793697150731,0.367820125117775,0.172146079047521,0.13373267163139,1.65426257385718,0.123078487703236,0.148692199145714,0.299669615297544,0.269962537249421,0.25343292795838,0.541460919842223,0.149171631103237,0.255161777895455,1.21270893380291,0.230901227633218,0.233512672406669,0.582070151682826,0.142749516411533,0.217793697150731,0.367820125117775,0.209761809551357,0.227959962811723,0.439045564310968,0.139844207504834,0.215908885820703,0.363260437386176,0.219182634082521,0.186507910117947,0.872762353644358,0.192381686516759,0.267567558037319,0.452759008672124,0.181553932166971,0.181350359732474,0.496352285736438,0.142749516411533,0.217793697150731,0.367820125117775,0.172146079047521,0.13373267163139,1.65426257385718,0.123078487703236,0.148692199145714,0.299669615297544
"NIC20",0.0848874686097694,0.262277682765133,0.526448578840898,0.237876881238708,0.319258331395933,0.418114127156941,0.221730406264598,0.227202976594538,0.315431363367624,0.298538043679024,0.263527330589603,0.474782791301235,0.193112690433157,0.172256406313879,0.342979883665265,0.315250732477733,0.269706986086301,0.900979646878573,0.0725092544023917,0.105172468660189,0.591431195004839,0.215591474377671,0.320237640549428,0.363108307917508,0.0771215217314868,0.21088046796632,0.489695185597421,0.0859673294295149,0.297142157891115,0.328032710314907,0.138592797901505,0.0924833270780952,0.428212960842064,0.189792478665286,0.325522299780565,0.580204571528375,0.115878047000926,0.265466052773821,98.4878770552784,0.185321311472574,0.282677802428534,0.520562076131245,0.115878047000926,0.265466052773821,98.4878770552784,0.142932328867169,0.193634521697799,0.417160306328643,0.115878047000926,0.265466052773821,98.4878770552784,0.144732582593854,0.220569317096022,0.453632998074271,0.166522257260532,0.0361861639352245,0.499136883555454,0.105805111722028,0.354826872137609,2.91921033225896,0.221730406264598,0.227202976594538,0.315431363367624,0.14644728776446,0.0563432445773534,0.495494321218572,0.182692648723597,0.189357033241189,0.551032018047938,0.124506332843824,0.168043148944445,0.77221034874799,0.134705584771582,0.201019147717673,10.6129654146514,0.134491239276976,0.346073210819029,2.00607730921153,0.0799151177069298,0.200821531102375,0.499786138480211,0.104295219108462,0.272192934073501,0.365495266742117,0.115194047007057,0.152244383948785,0.575470637088495,0.152302818464737,0.232924676653381,1.96815361349339,0.115878047000926,0.265466052773821,98.4878770552784,0.137013724938827,0.307956736077325,124.190032223545,0.115878047000926,0.265466052773821,98.4878770552784,0.0971861199450526,0.246362647279863,15.6644858145907,0.115878047000926,0.265466052773821,98.4878770552784,0.128632941362557,0.340686526738267,0.538746886226234,0.0848874686097694,0.262277682765133,0.526448578840898,0.237876881238708,0.319258331395933,0.418114127156941,0.221730406264598,0.227202976594538,0.315431363367624,0.298538043679024,0.263527330589603,0.474782791301235,0.193112690433157,0.172256406313879,0.342979883665265,0.315250732477733,0.269706986086301,0.900979646878573,0.0725092544023917,0.105172468660189,0.591431195004839,0.215591474377671,0.320237640549428,0.363108307917508,0.0771215217314868,0.21088046796632,0.489695185597421,0.0859673294295149,0.297142157891115,0.328032710314907,0.138592797901505,0.0924833270780952,0.428212960842064,0.189792478665286,0.325522299780565,0.580204571528375,0.115878047000926,0.265466052773821,98.4878770552784,0.185321311472574,0.282677802428534,0.520562076131245,0.115878047000926,0.265466052773821,98.4878770552784,0.142932328867169,0.193634521697799,0.417160306328643,0.115878047000926,0.265466052773821,98.4878770552784,0.144732582593854,0.220569317096022,0.453632998074271,0.106413608205411,0.155024101705516,0.518633424454557,0.106391459143423,0.264341674399782,0.602877718301615,0.152679788330814,0.136782769388135,0.383150817876646,0.0879347172742706,0.193197309259321,0.491453276912865,0.149831812744345,0.127823821780784,0.197608396713998,0.0717717106673087,0.145183444038674,0.424241515207215,0.170012616770151,0.130922051947709,0.922213075161183,0.115616471507975,0.244061450867384,0.95780415681112,0.15041387488936,0.177474140629136,1.30168275685431,0.0879347172742706,0.193197309259321,0.491453276912865,0.165274636817354,0.159170318590469,0.952088695408052,0.085069717190525,0.196128663205288,0.499146017590753,0.106413608205411,0.155024101705516,0.518633424454557,0.106391459143423,0.264341674399782,0.602877718301615,0.152679788330814,0.136782769388135,0.383150817876646,0.0879347172742706,0.193197309259321,0.491453276912865,0.149831812744345,0.127823821780784,0.197608396713998,0.0717717106673087,0.145183444038674,0.424241515207215
"NIC13",0.187155525943342,0.23688394176977,0.508641992693693,0.172802471192793,0.209731307145829,0.366262882785909,0.182830031854839,0.172921329081884,0.272289017011307,0.216830682869575,0.202680199362861,0.199673968304778,0.179200726335963,0.191380866155545,0.322228658957749,0.214579286414272,0.20158725344492,0.604905272044644,0.17562555817895,0.258912247814746,0.891601692064055,0.165261163489769,0.242762529845122,0.286312489822423,0.185882964063638,0.238092335917853,0.391744991372665,0.166740270457909,0.217011638837175,0.250839628089722,0.18431800080617,0.179302850357219,0.39424464146549,0.161983429456114,0.259562742935124,0.3320028199687,0.172014071087626,0.221484483406224,3.87574689911509,0.15289391931361,0.241075035833561,0.233548062898445,0.172014071087626,0.221484483406224,3.87574689911509,0.123335122631387,0.205146764370437,0.330820257570364,0.172014071087626,0.221484483406224,3.87574689911509,0.14282351962397,0.14537216276923,0.296066299128464,0.175191014745147,0.306367944618861,10.0476931351907,0.166654335560763,0.22852972058181,1.55933825222466,0.182830031854839,0.172921329081884,0.272289017011307,0.200365909369543,0.282255289451336,0.302879223928687,0.200154732242371,0.174036733773014,0.453960526862412,0.189221393367647,0.316236369131357,0.725698551736129,0.141685567239911,0.240004624730226,1.97128393249646,0.130118791799712,0.31342464954995,1.22654404144452,0.171474685298125,0.250664250506737,0.430489253268916,0.171302889223469,0.198782684519627,0.232496225048909,0.193954091539111,0.231769809174948,0.346852138716966,0.192018559565271,0.315010336916646,0.678519104918428,0.172014071087626,0.221484483406224,3.87574689911509,0.113053585980625,0.207573088077269,3.28842732985765,0.172014071087626,0.221484483406224,3.87574689911509,0.185474107311813,0.306297210937936,5.21866268329919,0.172014071087626,0.221484483406224,3.87574689911509,0.187481151557885,0.310184634804632,0.330296216419055,0.187155525943342,0.23688394176977,0.508641992693693,0.172802471192793,0.209731307145829,0.366262882785909,0.182830031854839,0.172921329081884,0.272289017011307,0.216830682869575,0.202680199362861,0.199673968304778,0.179200726335963,0.191380866155545,0.322228658957749,0.214579286414272,0.20158725344492,0.604905272044644,0.17562555817895,0.258912247814746,0.891601692064055,0.165261163489769,0.242762529845122,0.286312489822423,0.185882964063638,0.238092335917853,0.391744991372665,0.166740270457909,0.217011638837175,0.250839628089722,0.18431800080617,0.179302850357219,0.39424464146549,0.161983429456114,0.259562742935124,0.3320028199687,0.172014071087626,0.221484483406224,3.87574689911509,0.15289391931361,0.241075035833561,0.233548062898445,0.172014071087626,0.221484483406224,3.87574689911509,0.123335122631387,0.205146764370437,0.330820257570364,0.172014071087626,0.221484483406224,3.87574689911509,0.14282351962397,0.14537216276923,0.296066299128464,0.203585726854369,0.211049765180762,0.30422575706959,0.141167990474112,0.298518163546607,1.10759478343617,0.192973185393465,0.174056989404879,0.241219957740686,0.153109107192362,0.299019791120108,0.36288873388814,0.180366712713362,0.195355554126941,0.50222911180796,0.1393950748892,0.256749211476249,0.31518275629123,0.225156325854264,0.263840364477598,0.386891299708836,0.119003412180113,0.246293123191687,8.77318887068366,0.213493503303532,0.302144667903356,0.431076938891394,0.153109107192362,0.299019791120108,0.36288873388814,0.22465378165152,0.301012257940411,0.426026729833952,0.150666998685094,0.298346431062837,0.389425512203177,0.203585726854369,0.211049765180762,0.30422575706959,0.141167990474112,0.298518163546607,1.10759478343617,0.192973185393465,0.174056989404879,0.241219957740686,0.153109107192362,0.299019791120108,0.36288873388814,0.180366712713362,0.195355554126941,0.50222911180796,0.1393950748892,0.256749211476249,0.31518275629123
"NIC7",0.0629188708207165,0.208893935248424,0.832075054644421,0.190579184705465,0.241334813634976,0.466319990340346,0.154214798608863,0.0619638901410965,6.04846429690497,0.197638881674961,0.204850110746712,0.351429087090776,0.130861176361665,0.0547227176432084,0.225114523711166,0.23129783231599,0.221409276084566,0.831576655792209,0.0562612495610029,0.0455947560047004,4.64246618158225,0.1306590964041,0.286523666011963,0.324840052711444,0.0637973946653015,0.138673580107054,2.34279480958752,0.0936523615499244,0.242776805137125,0.275251173523745,0.089093618428708,0.0424489196527812,0.266655404808865,0.169925247306804,0.265447538860785,0.584080843920566,0.107794005719444,0.0904066753287176,19.8620120026046,0.120815580946984,0.2457163669475,0.413393223890384,0.107794005719444,0.0904066753287176,19.8620120026046,0.0818365840850823,0.0738866779311532,0.27137114006938,0.107794005719444,0.0904066753287176,19.8620120026046,0.132485930939442,0.0651886310008604,0.396596010972139,0.14033320400161,0.0729924084634737,1.92434498462769,0.145897007495234,0.272287376921093,6.7638287072086,0.154214798608863,0.0619638901410965,6.04846429690497,0.156035817470281,0.154469172721786,0.5782261130401,0.120015406861748,0.0724913386017935,0.452643358100022,0.144951097248346,0.223432792895245,0.597676658588633,0.0597989988391211,0.101343313156582,1.80311149392372,0.103316537063647,0.327931151924815,1.34109954345414,0.08073075514273,0.102384935311622,2.45631839492655,0.071062813725301,0.194480188072414,0.329274613928089,0.103911930839993,0.110779954455759,0.872011807940103,0.154542065683878,0.196079377989544,2.18648362309618,0.107794005719444,0.0904066753287176,19.8620120026046,0.0970491159075318,0.0943475488422674,1.39696138072991,0.107794005719444,0.0904066753287176,19.8620120026046,0.15591459033217,0.283860910905832,1.22614204852809,0.107794005719444,0.0904066753287176,19.8620120026046,0.140741810223406,0.216319264834956,0.484890563637779,0.0629188708207165,0.208893935248424,0.832075054644421,0.190579184705465,0.241334813634976,0.466319990340346,0.154214798608863,0.0619638901410965,6.04846429690497,0.197638881674961,0.204850110746712,0.351429087090776,0.130861176361665,0.0547227176432084,0.225114523711166,0.23129783231599,0.221409276084566,0.831576655792209,0.0562612495610029,0.0455947560047004,4.64246618158225,0.1306590964041,0.286523666011963,0.324840052711444,0.0637973946653015,0.138673580107054,2.34279480958752,0.0936523615499244,0.242776805137125,0.275251173523745,0.089093618428708,0.0424489196527812,0.266655404808865,0.169925247306804,0.265447538860785,0.584080843920566,0.107794005719444,0.0904066753287176,19.8620120026046,0.120815580946984,0.2457163669475,0.413393223890384,0.107794005719444,0.0904066753287176,19.8620120026046,0.0818365840850823,0.0738866779311532,0.27137114006938,0.107794005719444,0.0904066753287176,19.8620120026046,0.132485930939442,0.0651886310008604,0.396596010972139,0.117894578234794,0.084113190095594,0.570339086816091,0.0891508743883662,0.169473181343058,0.368273710297902,0.0765506738957403,0.0949802342435126,0.410864549070345,0.0670207632047568,0.132298681436118,0.428569910507028,0.0816607028334564,0.0429228338237582,15.1628242221889,0.0404912013310434,0.0576973128727762,0.277473282550269,0.156505695956834,0.160151882951802,860.18505921164,0.0652534907625042,0.167118787794061,5.55184302752398,0.116175914426552,0.154816083880072,1.99209147818418,0.0670207632047568,0.132298681436118,0.428569910507028,0.152367488685684,0.121933698266639,1.30071702658659,0.0617632950430934,0.135428232343029,0.433105643783615,0.117894578234794,0.084113190095594,0.570339086816091,0.0891508743883662,0.169473181343058,0.368273710297902,0.0765506738957403,0.0949802342435126,0.410864549070345,0.0670207632047568,0.132298681436118,0.428569910507028,0.0816607028334564,0.0429228338237582,15.1628242221889,0.0404912013310434,0.0576973128727762,0.277473282550269
"MEAN",0.20293312533487,0.257512870562134,1.55610411768535,0.187485994445017,0.221078258064772,0.498623828405033,0.252202010578621,0.164665753809367,1.00977500430284,0.219518286009995,0.203730884557176,0.275970033872204,0.220195612303767,0.160838518181334,0.365671622844701,0.231061177828143,0.18958429477978,0.676588055600648,0.216403812218341,0.215257375578741,3.45565427901857,0.166075823395381,0.245404205626029,0.343092804871524,0.217364855820113,0.242156698626618,18.9829917042881,0.13678487192774,0.244328511718604,0.381695083194431,0.196063854008646,0.174414481714218,0.609232707835979,0.167257198821411,0.23480296555459,0.692666374671116,0.6609502372806,0.241821450048072,22.3290677536566,0.149276827389106,0.261872642225336,0.440164640776987,0.6609502372806,0.241821450048072,22.3290677536566,0.127916790174029,0.20873717619922,0.309877732805407,0.6609502372806,0.241821450048072,22.3290677536566,0.161752438243291,0.16748828972287,0.990449895405694,0.162784298408375,0.214069132820054,5.12913999233664,0.160701579057095,0.264283155027766,1.79799796944545,0.252202010578621,0.164665753809367,1.00977500430284,0.176196410466466,0.267880662751712,2.84350520186995,0.208875929669993,0.189827870125078,0.511915990824683,0.171170808196259,0.25651034630407,0.62177678656363,0.269198766964895,0.252800949903342,12.2430195984843,0.108579747161839,0.29400001811748,2.4104136295524,0.171698422406029,0.237040336018066,3.30672289714643,0.138097283670408,0.223956842688195,0.494307317391734,0.203855880894531,0.227210306198614,0.618006474395993,0.168570554929536,0.255547948793115,0.847494667710769,0.6609502372806,0.241821450048072,22.3290677536566,0.12194812936865,0.261539927133131,12.2419103515127,0.6609502372806,0.241821450048072,22.3290677536566,0.169017888484534,0.268866910626215,5.18343639772283,0.6609502372806,0.241821450048072,22.3290677536566,0.170389132748378,0.263735061772014,0.896287717678695,0.20293312533487,0.257512870562134,1.55610411768535,0.187485994445017,0.221078258064772,0.498623828405033,0.252202010578621,0.164665753809367,1.00977500430284,0.219518286009995,0.203730884557176,0.275970033872204,0.220195612303767,0.160838518181334,0.365671622844701,0.231061177828143,0.18958429477978,0.676588055600648,0.216403812218341,0.215257375578741,3.45565427901857,0.166075823395381,0.245404205626029,0.343092804871524,0.217364855820113,0.242156698626618,18.9829917042881,0.13678487192774,0.244328511718604,0.381695083194431,0.196063854008646,0.174414481714218,0.609232707835979,0.167257198821411,0.23480296555459,0.692666374671116,0.6609502372806,0.241821450048072,22.3290677536566,0.149276827389106,0.261872642225336,0.440164640776987,0.6609502372806,0.241821450048072,22.3290677536566,0.127916790174029,0.20873717619922,0.309877732805407,0.6609502372806,0.241821450048072,22.3290677536566,0.161752438243291,0.16748828972287,0.990449895405694,0.222688506953986,0.210492524149799,0.950432544471967,0.145398400811118,0.252608884108105,998.075003138507,0.218496183992306,0.190496937803936,0.511112460153363,0.132442602991004,0.226700137355828,0.398181490810848,0.279932216393408,0.185322911246609,3.16553428605927,0.10655704679933,0.172858674906599,0.332364312742632,0.252869595370168,0.255651067146078,54.2976850609089,0.144272103718552,0.250805949754723,3.36222092948937,0.203621549335829,0.241721020931447,0.641710808843599,0.132442602991004,0.226700137355828,0.398181490810848,0.204111854974878,0.232162346748802,0.584875083436212,0.125299239153145,0.223896758916591,0.411331996281513,0.222688506953986,0.210492524149799,0.950432544471967,0.145398400811118,0.252608884108105,998.075003138507,0.218496183992306,0.190496937803936,0.511112460153363,0.132442602991004,0.226700137355828,0.398181490810848,0.279932216393408,0.185322911246609,3.16553428605927,0.10655704679933,0.172858674906599,0.332364312742632
